Date,Power,Speed,Direction,Cluster
2020-01-01 18:00:00,1051.2943661833333,9.643386308833334,25.21386877,0.0
2020-01-01 20:00:00,1073.5364590166666,9.703499904666666,11.512109433833333,0.0
2020-02-01 14:00:00,1023.5782018666667,9.388647787333332,345.0053920333333,0.0
2020-02-01 16:00:00,1410.9158583333335,10.65866875,47.664522985,0.0
2020-04-01 16:00:00,975.82216705,9.383614173,44.030418328,0.0
2020-09-01 00:00:00,1134.8957196666668,9.574343119833332,22.645526091666667,0.0
2020-09-01 01:00:00,1144.2233759666665,9.5867662915,20.583720355,0.0
2020-09-01 02:00:00,1051.4882166,9.242240694333336,19.707121041666667,0.0
2020-09-01 07:00:00,1045.7859476166666,9.241896856,22.153648335,0.0
2020-09-01 08:00:00,1386.680773,10.339567135833333,23.31865644333333,0.0
2020-09-01 13:00:00,998.3295665333334,9.097654326,168.58225146000004,0.0
2020-09-01 19:00:00,1244.0216184499998,9.9583115685,17.92022661,0.0
2020-09-01 20:00:00,882.1826214166666,8.677292568666667,18.326761431666668,0.0
2020-10-01 13:00:00,864.6363071166667,8.598196954833334,345.8559521,0.0
2020-10-01 14:00:00,964.3490864166666,9.086948194833331,309.1456895,0.0
2020-11-01 17:00:00,1255.8893161666667,9.848902357333332,114.49327579833331,0.0
2020-11-01 18:00:00,1402.9813746666666,10.380266483333331,30.037518613333337,0.0
2020-11-01 19:00:00,1427.4096423333333,10.5011042,14.221131895,0.0
2020-11-01 22:00:00,1254.1766298333334,9.766957282000002,15.724907924999998,0.0
2020-11-01 23:00:00,843.7428153333335,8.458519455500001,24.71769858333333,0.0
2020-12-01 01:00:00,912.2289091833331,8.797680203,22.875773,0.0
2020-01-13 04:00:00,1335.9112239999995,10.106160131,24.546744141666665,0.0
2020-01-13 06:00:00,1430.2408121666667,10.353431628333333,26.348625618333333,0.0
2020-01-13 07:00:00,900.5829420999999,8.553046751666667,22.41963382,0.0
2020-01-13 08:00:00,974.5813532666666,9.028748078,14.22431464,0.0
2020-01-13 09:00:00,1180.2722105,9.7117961375,17.460374255,0.0
2020-01-13 10:00:00,1265.2904516666667,10.076171862,17.812894168333333,0.0
2020-01-13 11:00:00,1368.9187811666668,10.220271922333334,17.602455538333334,0.0
2020-01-13 12:00:00,1336.713038,9.993004655166668,30.295642458333333,0.0
2020-01-13 14:00:00,1311.5699812333337,10.029035464833331,74.87311847333332,0.0
2020-01-13 19:00:00,1423.5300547,10.802654721833337,24.80377016666667,0.0
2020-01-14 05:00:00,1193.3648585333333,9.925665812833332,25.017739461666665,0.0
2020-01-14 06:00:00,1004.23805345,9.428358275166666,24.55694668833333,0.0
2020-01-15 01:00:00,1158.9793628166667,9.7894631675,21.279588995,0.0
2020-01-15 13:00:00,1449.4509800000003,10.756866445,329.01014355,0.0
2020-01-15 19:00:00,1232.9749940333331,10.156001985333331,21.24082396833333,0.0
2020-01-15 20:00:00,855.2686108000001,8.753837067833333,17.140263845,0.0
2020-01-15 21:00:00,936.40681985,8.987461226166667,11.411976005333337,0.0
2020-01-15 22:00:00,1077.0440897666667,9.664175313166668,80.54880709566667,0.0
2020-01-15 23:00:00,1230.8232758333334,10.222959689833331,203.9457542833333,0.0
2020-01-16 00:00:00,1195.2551721666669,9.972348392833332,97.89709828333334,0.0
2020-01-16 01:00:00,1157.3584201666663,10.071885886333332,29.70803265983333,0.0
2020-01-16 17:00:00,1004.6112018666668,9.5836184105,13.09054662,0.0
2020-01-16 22:00:00,1103.334449533333,9.7323558775,21.625438996666663,0.0
2020-01-16 23:00:00,1043.9510032666667,9.6313501,25.10274302833333,0.0
2020-01-17 00:00:00,970.4596624666666,9.194020725,18.759040778333333,0.0
2020-01-17 01:00:00,1434.3328048333333,11.02453781,20.05478400833333,0.0
2020-01-17 02:00:00,1184.5494235,10.0783555865,23.226657356666667,0.0
2020-01-18 19:00:00,1065.9262149166666,9.5689805035,23.280893703333334,0.0
2020-01-18 20:00:00,1129.7532110166665,9.987940393,19.788632335,0.0
2020-01-18 21:00:00,1293.5436821666665,10.362310151833334,23.47419831666667,0.0
2020-01-18 22:00:00,1311.163361033333,10.353152024833332,27.34505622,0.0
2020-01-18 23:00:00,1139.9100844,9.837508967666666,24.00281169333333,0.0
2020-01-19 00:00:00,1102.3607136833334,9.702753451,24.16286405,0.0
2020-01-19 10:00:00,1003.83131,9.284206937000002,11.858884713333332,0.0
2020-01-19 11:00:00,1439.972156,10.797233086,19.202724641666663,0.0
2020-01-19 19:00:00,1443.8254681666665,10.786862055,23.93343723,0.0
2020-01-19 20:00:00,1274.4490670666669,10.350740888666667,21.410167206666667,0.0
2020-01-19 21:00:00,1046.5882915166665,9.569633589833334,28.04573410333333,0.0
2020-01-19 23:00:00,825.9235606666666,8.737345820666667,12.208515206666666,0.0
2020-01-20 00:00:00,940.8297181666668,9.333826772499998,18.89163089833333,0.0
2020-01-20 01:00:00,913.2438596833334,9.174292311,21.535962535,0.0
2020-01-20 03:00:00,1008.9724981,9.569285089666666,22.82727256833333,0.0
2020-01-20 04:00:00,1316.4381592,10.520996472,27.227073830000005,0.0
2020-01-20 06:00:00,907.4818949,9.042432437833332,22.080493525,0.0
2020-01-20 07:00:00,897.2939413166667,9.094254705333332,26.002996425000003,0.0
2020-01-20 09:00:00,958.0254746166664,9.130293247,12.457344876666667,0.0
2020-01-20 21:00:00,1366.914446,10.559021015666668,25.24227361666667,0.0
2020-01-20 22:00:00,960.4884224,9.327420349,21.279518251666666,0.0
2020-01-20 23:00:00,1252.6239348333336,10.170264148833336,24.843080600000004,0.0
2020-01-21 00:00:00,1339.2167116666667,10.609431054833337,20.20402073833333,0.0
2020-01-21 01:00:00,1261.3642253333337,10.247590076833331,21.73835038,0.0
2020-01-21 02:00:00,1373.3704951666666,10.662001689833334,23.36553599,0.0
2020-01-21 04:00:00,1239.4936355,10.413167623833331,19.318330221666667,0.0
2020-01-21 05:00:00,1225.4465701666666,10.28224669,21.42179059833333,0.0
2020-01-21 07:00:00,1206.1184566,10.021893375166668,19.789120078333333,0.0
2020-01-21 08:00:00,858.3718265000001,8.873234061333333,22.56915569,0.0
2020-01-21 13:00:00,1012.5344096166668,9.435451439,249.52083639000003,0.0
2020-01-21 14:00:00,1093.7065660833332,9.784854135666668,25.9215337875,0.0
2020-01-21 15:00:00,1123.4343725833332,9.9528325435,18.441224669,0.0
2020-01-21 16:00:00,1337.2574235,10.558402305166668,31.39647019,0.0
2020-01-21 17:00:00,1182.3317552166666,10.0199024545,11.421345165,0.0
2020-01-21 18:00:00,1029.9289281833333,9.753162756500002,39.26126120333333,0.0
2020-01-21 19:00:00,1008.9255916666668,9.602649662166666,27.154681810166668,0.0
2020-01-22 03:00:00,970.1412906,9.279627726499998,345.8586358333334,0.0
2020-01-24 05:00:00,851.8893034666667,8.989770483500001,15.029401368333332,0.0
2020-01-24 06:00:00,919.6828014333332,9.215488101333332,20.912562391666665,0.0
2020-01-24 11:00:00,1136.0455933333333,9.966484107,13.019498377333337,0.0
2020-01-24 22:00:00,1338.50958285,10.672486662833334,18.188296081666667,0.0
2020-01-24 23:00:00,1298.939512,10.4992780725,16.833742846666663,0.0
2020-01-25 00:00:00,1100.3464566666669,9.905096678166666,18.74735858,0.0
2020-01-25 01:00:00,1266.40575225,10.289961959166668,18.09962116833333,0.0
2020-01-25 04:00:00,1116.8162755,9.9949212585,20.56368802833333,0.0
2020-01-25 05:00:00,1098.6873683166666,10.035549242,23.428723805,0.0
2020-01-25 08:00:00,1089.9260986166666,9.673853399166669,19.17560737,0.0
2020-01-26 15:00:00,1446.8292561666667,11.021236815500002,174.36380303783335,0.0
2020-01-26 20:00:00,1268.7466535166668,10.2693670875,35.81235275666666,0.0
2020-01-27 04:00:00,1304.109712833333,10.323021996166666,25.063912948333336,0.0
2020-01-27 05:00:00,1444.898156,10.780641025333331,19.663601056666668,0.0
2020-01-27 06:00:00,1139.3756253333331,9.784806376,17.831736155,0.0
2020-01-27 07:00:00,1353.5558108333332,10.641801105833332,64.79552600833334,0.0
2020-01-27 13:00:00,1377.5144818333335,10.58174161,15.646667471666666,0.0
2020-01-27 22:00:00,1193.992165,9.818538501833332,18.72914747,0.0
2020-01-27 23:00:00,1035.3646113666666,9.370656341833334,31.521569163333336,0.0
2020-01-28 00:00:00,1149.9586194333333,9.8473069095,21.465014855000003,0.0
2020-01-28 05:00:00,1221.8413673666666,10.103887434833334,29.858530538333337,0.0
2020-01-31 20:00:00,1364.2707030166669,10.549861856,21.8623531,0.0
2020-01-31 21:00:00,1177.4953945666666,10.030770333,20.81154034,0.0
2020-01-31 22:00:00,941.8234699666668,9.086281529166667,22.963821926666665,0.0
2020-01-02 11:00:00,844.0967941499999,8.563766902000001,10.723680949833332,0.0
2020-01-02 12:00:00,1227.5357141666666,9.9650282105,10.292180762333333,0.0
2020-01-02 19:00:00,960.2603665333336,9.202682151166668,22.764940391666663,0.0
2020-01-02 21:00:00,854.30225325,8.6706749,19.328039506666663,0.0
2020-02-02 01:00:00,833.8310724333334,8.874392312500001,25.635727815,0.0
2020-02-02 15:00:00,877.2983670833333,8.803707478833333,33.09340551033333,0.0
2020-02-02 16:00:00,840.981941,8.698414327,10.591711996,0.0
2020-02-02 17:00:00,982.133318,9.29531184,10.9256022845,0.0
2020-02-02 18:00:00,1012.0512126833332,9.509055958166668,13.618951004,0.0
2020-03-02 07:00:00,1003.60629725,9.462588878333332,18.848238256666665,0.0
2020-03-02 10:00:00,1025.7323310166666,9.508950702166668,11.824667685,0.0
2020-03-02 23:00:00,1433.1106776666666,10.848103853333331,23.56552135333333,0.0
2020-04-02 05:00:00,1334.0670088333334,10.559978621666668,24.417001885,0.0
2020-04-02 06:00:00,1029.29371235,9.3754475795,22.4042808,0.0
2020-04-02 07:00:00,945.7168379666668,9.144701118666667,22.078559186666663,0.0
2020-04-02 11:00:00,1287.5544808505415,10.957710196833332,18.437257261666662,0.0
2020-04-02 18:00:00,1023.7643685,9.464767328333332,21.044804836666668,0.0
2020-04-02 21:00:00,1276.8470391166666,10.189954330166666,22.01240155833333,0.0
2020-06-02 04:00:00,958.5914152666668,9.276860056833334,28.18830717,0.0
2020-06-02 22:00:00,911.2357522666666,8.8779231645,17.069750431666666,0.0
2020-07-02 00:00:00,1239.7489669833335,9.978016040999998,12.798746225333334,0.0
2020-09-02 23:00:00,1297.9065304999997,10.284811053833332,21.973563241666668,0.0
2020-10-02 00:00:00,1147.3474682,9.800646983166668,24.915556148333337,0.0
2020-10-02 01:00:00,1004.2693085166666,9.174876303,21.50983550833333,0.0
2020-10-02 05:00:00,1049.3260127166666,9.446459544833331,21.53624712,0.0
2020-10-02 06:00:00,861.6065101833334,8.918626008166667,23.970131226666663,0.0
2020-02-14 23:00:00,843.4926464166666,8.706149121833333,25.38348750483333,0.0
2020-02-18 10:00:00,1433.6278863333334,10.832173935666669,20.7360117,0.0
2020-02-18 11:00:00,1216.2564135,10.003478352333332,20.07526379,0.0
2020-02-18 22:00:00,1164.464054133333,9.948956715833331,24.409089466666668,0.0
2020-02-19 12:00:00,1171.5612388333332,9.938329130166666,193.53985762,0.0
2020-02-19 16:00:00,1401.2064745,10.68299087,85.84977243333333,0.0
2020-02-19 17:00:00,1194.1836927666666,10.056770053833334,15.89324164,0.0
2020-02-20 02:00:00,1086.2620401166666,9.570383117333334,246.07171989000005,0.0
2020-02-20 04:00:00,1415.890899,10.95577899,21.85732744,0.0
2020-02-20 07:00:00,861.6548825666667,8.694266952333335,26.12936631,0.0
2020-02-20 10:00:00,846.40699725,8.845605194666666,15.498594602000002,0.0
2020-02-20 11:00:00,1001.3124132666666,9.336926653166666,44.191477443333326,0.0
2020-02-21 13:00:00,1039.4107446666667,9.584860814,60.637804843333335,0.0
2020-02-21 14:00:00,833.9831283,8.683516218833333,71.34170444166666,0.0
2020-02-22 08:00:00,925.48826755,9.2413579275,26.030752393333334,0.0
2020-02-22 09:00:00,912.7505027333332,9.156285434833332,24.709377115,0.0
2020-02-22 10:00:00,1422.530648,10.77296208016667,18.492751911666662,0.0
2020-02-22 11:00:00,1341.4653276666668,10.636201328333332,53.43725162166667,0.0
2020-02-23 11:00:00,1409.4307880999995,10.742839808666668,104.37658520166669,0.0
2020-02-23 20:00:00,1172.3320273333331,10.083890249166666,26.944913278,0.0
2020-02-26 15:00:00,1260.2574661666663,10.462513925833331,214.1844735333333,0.0
2020-02-26 19:00:00,1406.4037705,10.897343100833334,11.956796473166667,0.0
2020-02-27 22:00:00,922.7387300166666,9.209902392166669,17.28171002666667,0.0
2020-02-28 11:00:00,898.4099875833334,8.874233630833334,347.00632913333334,0.0
2020-02-28 12:00:00,909.3158465666668,8.971706816833333,344.2132352666667,0.0
2020-02-28 13:00:00,1010.0284564833332,9.538322330666666,327.28628775,0.0
2020-01-03 17:00:00,1032.4416318,9.7043925135,13.0889556775,0.0
2020-01-03 18:00:00,1037.9094119666668,9.726038526833332,15.259471761666664,0.0
2020-01-03 19:00:00,1331.3541216666663,10.784148695,13.821038028333334,0.0
2020-01-03 20:00:00,1353.5918771666668,10.716796855833332,18.444658185,0.0
2020-02-03 23:00:00,1400.5970675,10.745444086,24.22663177833333,0.0
2020-03-03 00:00:00,1119.3710808166666,9.849687403833334,27.105787941666662,0.0
2020-03-03 09:00:00,1354.2779460000002,10.595494935666666,15.617828641666664,0.0
2020-03-03 10:00:00,1325.9180156166667,10.404907331666664,19.337276175,0.0
2020-03-03 11:00:00,1308.350556333333,10.468122428333333,37.65377295833333,0.0
2020-03-03 12:00:00,1410.1986188333333,10.792753671666668,186.8226647,0.0
2020-03-03 13:00:00,1128.0422683,9.9761428295,46.93307676349999,0.0
2020-03-03 14:00:00,1412.0860014999998,10.834529968333332,34.197033294166665,0.0
2020-05-03 22:00:00,1379.8565938666663,10.6819188135,24.453073405,0.0
2020-05-03 23:00:00,901.5154399833332,8.919511628833332,23.622036981666664,0.0
2020-06-03 13:00:00,911.6005369,9.048487204833334,14.124724357666668,0.0
2020-08-03 14:00:00,1248.6308893166668,10.29114435,342.6853428833333,0.0
2020-08-03 17:00:00,1017.1020067833332,9.480873434166668,13.990869080833331,0.0
2020-09-03 12:00:00,929.0592311833334,9.087867690833331,223.47962046666663,0.0
2020-09-03 13:00:00,1320.1772781666666,10.493439851666666,219.39580776666665,0.0
2020-09-03 15:00:00,1181.84486735,10.209328287166665,221.6600654833333,0.0
2020-09-03 16:00:00,901.4133596,9.073780134833331,219.06759995,0.0
2020-09-03 17:00:00,920.2011034,9.1805227495,221.04281211666668,0.0
2020-09-03 22:00:00,1024.31188565,9.579187834333334,213.39640726666667,0.0
2020-09-03 23:00:00,1103.0334410833334,9.834578073833336,203.76122935,0.0
2020-10-03 06:00:00,1321.5446698666667,10.698957755833332,38.34568509166667,0.0
2020-10-03 07:00:00,1218.3365793333337,10.185026345833332,23.09345615,0.0
2020-10-03 08:00:00,896.8149348333333,8.998382863666667,22.59957559,0.0
2020-10-03 12:00:00,1149.88479095,9.9404593535,31.064727509000004,0.0
2020-11-03 09:00:00,990.5716588333336,9.255624427666666,19.47395364333333,0.0
2020-11-03 10:00:00,1029.4911074499998,9.3790414115,34.63857648166667,0.0
2020-11-03 11:00:00,1440.0730181666663,10.860594791666664,40.39567817666667,0.0
2020-11-03 13:00:00,1398.817875,10.746952738333334,133.16122824833334,0.0
2020-11-03 16:00:00,1310.4226526666666,10.60828556,24.98871331833333,0.0
2020-11-03 17:00:00,909.9060016666668,9.033013696666666,16.089782601666666,0.0
2020-11-03 19:00:00,958.78906285,9.1349312925,13.679086105,0.0
2020-03-13 21:00:00,903.2565907333332,8.956754645333334,18.515408736666668,0.0
2020-03-13 22:00:00,839.0973928666667,8.790267826333332,18.311826695,0.0
2020-03-15 19:00:00,873.0750485666667,8.888041353833334,24.583084851666666,0.0
2020-03-17 19:00:00,943.3669716666668,9.188322175666666,15.365198828333334,0.0
2020-03-20 09:00:00,981.3213391833334,9.2985812075,15.145975798333332,0.0
2020-03-20 10:00:00,983.1429242333332,9.379829556666667,60.86937926,0.0
2020-03-20 11:00:00,1207.6540338333332,10.074310718333331,59.84810661666668,0.0
2020-03-20 15:00:00,1290.2578655,10.3818234335,73.09319735333334,0.0
2020-03-20 18:00:00,1409.1452900000002,10.729276530000002,29.78635376333333,0.0
2020-03-23 09:00:00,1028.16754145,9.629923090666669,9.9325667615,0.0
2020-03-23 22:00:00,867.6014028666668,8.908181828166667,40.71506989833333,0.0
2020-03-24 00:00:00,881.8530539616668,7.675549556666667,236.27976310333327,0.0
2020-03-24 04:00:00,920.6693866666668,9.087336699666666,20.34529731166667,0.0
2020-03-24 05:00:00,1005.1712770666668,9.622182147166669,24.27498362833333,0.0
2020-03-24 11:00:00,1113.7820062833334,9.811775878833332,117.59808565,0.0
2020-03-24 12:00:00,1308.6068065,10.495590801666664,200.2292959833333,0.0
2020-03-24 14:00:00,1266.772718166667,10.360805749833334,62.90608283166667,0.0
2020-03-24 18:00:00,1237.534894,10.333725547833334,14.916302148333337,0.0
2020-03-28 04:00:00,1169.0870604333334,9.959599912833331,335.44391093333326,0.0
2020-03-28 07:00:00,1406.2262531666668,11.066654871666666,15.587821685,0.0
2020-03-28 10:00:00,857.6271188166666,8.865089488833334,20.708592136666667,0.0
2020-03-28 11:00:00,1431.298963,11.055010652999998,25.20316177833333,0.0
2020-03-29 05:00:00,1376.5534018333335,10.694139973333334,24.57391368333333,0.0
2020-03-29 06:00:00,1256.138996,10.3906825435,22.2150804,0.0
2020-03-29 08:00:00,1245.6640561666666,10.232901569166668,19.264676976666667,0.0
2020-03-29 10:00:00,1041.4257539833334,9.637514611833334,20.609124415,0.0
2020-03-29 11:00:00,877.4898292333334,9.008817365,33.04422776,0.0
2020-03-29 12:00:00,1221.541535,10.123340276666667,14.268921350166666,0.0
2020-03-29 19:00:00,1325.9626615333334,10.673400387166668,23.78029500333333,0.0
2020-03-30 10:00:00,933.2661311,9.334084303666666,239.3425684933333,0.0
2020-03-30 12:00:00,1028.8168741333334,9.632068038,46.20697985499999,0.0
2020-03-30 13:00:00,1284.5977345,10.450073371666669,37.74952316666667,0.0
2020-03-30 14:00:00,1449.2989116666663,10.971181583333331,125.96402452666666,0.0
2020-03-30 15:00:00,1244.2564821666667,10.534935385,28.46320548983333,0.0
2020-03-30 21:00:00,1148.14085515,10.184848257,18.92054363833333,0.0
2020-03-30 23:00:00,1033.0153506833333,9.725301055333334,15.428710925,0.0
2020-03-31 00:00:00,943.55466095,9.314001945166666,22.84889785,0.0
2020-03-31 11:00:00,883.9080879666667,9.261084240166666,311.21465815000005,0.0
2020-01-04 03:00:00,1146.7793495833332,10.053783718,35.04208045166667,0.0
2020-02-04 01:00:00,1442.6131055000003,10.874691198333332,20.126626918333333,0.0
2020-02-04 02:00:00,947.2201028666664,9.324341132,20.45131638166667,0.0
2020-02-04 05:00:00,992.3426710833334,9.7848815045,45.11307182666666,0.0
2020-02-04 07:00:00,1183.6503450500002,10.205068976666666,58.27757584166665,0.0
2020-02-04 23:00:00,888.3712478333333,9.257187367833334,15.993815491666664,0.0
2020-03-04 00:00:00,1415.526898833333,10.679810086666668,16.145922093333333,0.0
2020-03-04 02:00:00,1061.0446748333334,9.6198029525,22.67064175333333,0.0
2020-03-04 03:00:00,1261.7273666166668,10.2210852325,19.71945291333334,0.0
2020-03-04 04:00:00,1217.906232666667,10.093759717833334,20.907274771666664,0.0
2020-03-04 05:00:00,890.7305251666667,8.990690703,26.079693325,0.0
2020-03-04 11:00:00,925.8521227,9.040616997833334,195.03318326666667,0.0
2020-03-04 12:00:00,1446.5224376666667,10.951577153833334,138.02576005333333,0.0
2020-03-04 21:00:00,1202.1147430166666,9.869209546666664,28.33740536333333,0.0
2020-03-04 22:00:00,1349.9453203333333,10.505239114166663,17.898702869999997,0.0
2020-04-04 01:00:00,1120.1611222666668,9.841827343,26.97525997166667,0.0
2020-04-04 02:00:00,943.8027661666666,8.996890636166667,83.88627090333334,0.0
2020-04-04 03:00:00,1393.30476025,10.549833239333331,21.696759078333333,0.0
2020-04-04 04:00:00,982.2360360833331,9.329615794833332,24.127615321666667,0.0
2020-06-04 00:00:00,1362.5426818499998,10.489763877,24.612307786666666,0.0
2020-06-04 01:00:00,1257.92522165,10.203500584,23.176680685,0.0
2020-06-04 02:00:00,1303.2025822500002,10.396533056833334,26.285844763333333,0.0
2020-06-04 03:00:00,1288.3562323166668,10.344896899,21.013179385,0.0
2020-06-04 05:00:00,1178.78276795,9.916057659666668,22.346222101666665,0.0
2020-06-04 06:00:00,1134.1085744666666,9.9046876045,23.40590306833333,0.0
2020-06-04 07:00:00,1220.547102,10.15512909,26.50101777833333,0.0
2020-06-04 08:00:00,1385.2238481666664,10.61409892,23.038350765,0.0
2020-06-04 09:00:00,962.6011008,9.230152812166668,24.052677571666667,0.0
2020-06-04 11:00:00,1001.4916441,9.317175054833331,14.689500693333333,0.0
2020-06-04 16:00:00,1258.89742955,10.306682847166666,16.653130253333334,0.0
2020-07-04 02:00:00,1283.477718333333,10.464600533666667,23.23622349833333,0.0
2020-08-04 19:00:00,1177.1804095,10.1574886745,16.576767725,0.0
2020-08-04 20:00:00,1140.9433178333334,9.938481162333334,16.546565713333333,0.0
2020-09-04 06:00:00,1316.021329983333,10.436645290666666,21.73416085166667,0.0
2020-09-04 09:00:00,1437.5672718333333,10.761143251666669,13.54369965166667,0.0
2020-09-04 21:00:00,1013.4653213833336,9.504615384,20.296043215,0.0
2020-10-04 11:00:00,987.5942211833332,9.534326849833333,35.543458496666666,0.0
2020-10-04 14:00:00,1365.925835,10.561065899,112.92791867,0.0
2020-10-04 15:00:00,915.9311809833334,9.0368651645,56.39367171999999,0.0
2020-11-04 15:00:00,1059.37204925,9.6773059095,256.88708335666666,0.0
2020-11-04 16:00:00,1256.8240460333334,10.3201403745,103.247352505,0.0
2020-12-04 04:00:00,1373.9535383333332,10.574383294333334,307.7795195666667,0.0
2020-12-04 21:00:00,1314.982822616667,10.381792035000002,22.160302135,0.0
2020-12-04 22:00:00,1104.2943158,9.723550565666669,23.544067295,0.0
2020-12-04 23:00:00,1173.9361958000002,9.908567673,24.735265526666662,0.0
2020-04-13 00:00:00,1349.0344383333334,10.362541545333334,20.87625305833333,0.0
2020-04-13 01:00:00,1367.2666966666666,10.449469120000002,18.890907296666665,0.0
2020-04-13 05:00:00,1008.3217593,9.410345604500002,29.143149435,0.0
2020-04-13 07:00:00,1126.4035003333336,9.808533762666668,24.722614855,0.0
2020-04-21 13:00:00,1175.9385492833333,10.001214041833334,333.69849615000004,0.0
2020-04-21 17:00:00,1329.6329198333333,10.507850287,16.51299413,0.0
2020-04-21 20:00:00,1049.6163955666668,9.663627260666669,16.409640963333334,0.0
2020-04-21 21:00:00,1064.238268783333,9.561285763833332,20.408406131666663,0.0
2020-04-21 22:00:00,1200.3729445,10.076909596000002,22.01155756333333,0.0
2020-04-21 23:00:00,1294.1693856666668,10.411311395333334,22.628905513333336,0.0
2020-04-22 00:00:00,1316.6556980000005,10.526590793166667,25.07644226833333,0.0
2020-04-23 06:00:00,839.0315421666666,8.850990624166668,26.753495515,0.0
2020-04-24 01:00:00,1308.316287,10.413032706166668,27.908494380000004,0.0
2020-04-24 02:00:00,916.9683498666668,9.121306335000002,32.89798119333333,0.0
2020-04-24 03:00:00,854.1305064000002,8.841709665833333,27.321595880000004,0.0
2020-04-24 06:00:00,1112.4334853166667,9.884832995166668,27.36240791166667,0.0
2020-04-24 11:00:00,1148.1795549666665,9.837407621666667,18.172642301666663,0.0
2020-04-24 12:00:00,1269.9274654,10.251742834666665,23.64555865333333,0.0
2020-04-24 13:00:00,913.5199211666668,8.929453909333333,22.236053536666663,0.0
2020-04-24 15:00:00,871.1043469,8.705987882666667,21.10491363333333,0.0
2020-04-24 17:00:00,971.7053378333336,9.262829734166663,24.208696665,0.0
2020-04-26 07:00:00,948.7511904833336,9.232918089833332,56.27194271666667,0.0
2020-04-26 08:00:00,921.3495848833333,9.214697349166666,50.428886988333325,0.0
2020-04-26 09:00:00,901.92926545,8.933959560333333,13.403372855,0.0
2020-04-26 10:00:00,1118.2395495833332,9.674170179166666,23.394415721666665,0.0
2020-04-26 11:00:00,1400.364657,10.806502635,28.7638782325,0.0
2020-04-26 18:00:00,1325.41577005,10.596472443666666,16.905460576666666,0.0
2020-04-26 19:00:00,1195.8079066333332,10.121057751,15.287454745,0.0
2020-04-26 20:00:00,828.2520884833333,8.7611944195,17.076609835,0.0
2020-04-28 06:00:00,972.5924230833332,9.4099490645,21.887640585,0.0
2020-04-28 07:00:00,1132.8083738833334,9.864659433666665,21.248693611666667,0.0
2020-04-28 20:00:00,1257.1824131833332,10.4692514795,16.498908656666668,0.0
2020-04-29 17:00:00,915.2682125833334,9.235851573833331,10.7821102175,0.0
2020-05-05 14:00:00,897.8297718166665,9.0681969485,226.7707339833333,0.0
2020-05-05 15:00:00,904.6679007166666,9.062654515666669,216.7352245,0.0
2020-09-05 18:00:00,878.29705725,9.140213089166666,212.67310865,0.0
2020-11-05 08:00:00,872.1312909333333,9.073613105666666,179.3964454166667,0.0
2020-11-05 09:00:00,900.3798932166666,9.1862293765,222.3916186833333,0.0
2020-11-05 11:00:00,955.9743647166666,9.263829737499998,227.91478786666667,0.0
2020-11-05 12:00:00,1020.4424835833332,9.519834684,140.17144952833334,0.0
2020-11-05 13:00:00,1064.4902066,9.758493744333334,87.03212344666667,0.0
2020-11-05 14:00:00,1130.749060416667,9.887458477666668,71.042739325,0.0
2020-11-05 15:00:00,1284.0843558333331,10.529591895,16.0036485885,0.0
2020-11-05 16:00:00,1049.5970965666666,9.559557399666666,36.522959342,0.0
2020-11-05 17:00:00,1079.3761436166667,9.615867435499998,73.58348332833333,0.0
2020-11-05 18:00:00,959.8999321833336,9.285405251,47.97294790166666,0.0
2020-11-05 19:00:00,885.0484285166667,9.133025456666669,17.206974895,0.0
2020-12-05 13:00:00,1204.5260131666666,10.114321560833334,301.97475051666663,0.0
2020-12-05 16:00:00,1312.3670265,10.409908342166666,26.35448738016667,0.0
2020-12-05 17:00:00,946.0211658666668,9.223694824333334,12.954562832166667,0.0
2020-05-13 00:00:00,840.6981474333334,8.850790773833333,28.89249688133333,0.0
2020-05-13 11:00:00,1158.4495125333335,9.932345151333331,23.494893408666663,0.0
2020-05-13 17:00:00,1399.7014046666666,10.901549398333332,39.08436575666667,0.0
2020-05-13 18:00:00,878.8414310166668,8.929694100833332,13.033781591833334,0.0
2020-05-18 16:00:00,1007.2313429833334,9.844498896,230.79085340000003,0.0
2020-05-18 17:00:00,1036.7419729333333,9.375228502666667,206.20510321666663,0.0
2020-05-21 16:00:00,953.5048229666668,9.804891879333336,181.16682886666663,0.0
2020-05-21 17:00:00,899.5809028333333,9.388765443,163.53786493333334,0.0
2020-05-23 09:00:00,918.73519485,9.118893621,14.858491640666664,0.0
2020-05-23 10:00:00,1391.5352916666668,10.862237283333334,16.445453170166665,0.0
2020-05-23 11:00:00,1181.161241666667,10.138086473333331,23.522170835,0.0
2020-05-23 12:00:00,1399.3867055,10.770313754999998,13.6268925,0.0
2020-05-23 13:00:00,1060.00292835,9.580542409666664,14.891432258333332,0.0
2020-05-23 14:00:00,1187.1133223333334,10.294525199666667,11.634881022333332,0.0
2020-05-23 15:00:00,950.4199965333332,9.393560082166667,13.719508216666666,0.0
2020-05-23 16:00:00,961.4380921000002,9.301201723166663,10.780980413833332,0.0
2020-05-23 17:00:00,1076.9217829833333,9.869105836833333,14.779019146666668,0.0
2020-05-24 13:00:00,1131.019802,9.9846419505,304.0755016,0.0
2020-05-24 14:00:00,1030.5397179666668,9.654849684166669,245.80551883333337,0.0
2020-05-24 15:00:00,1011.2753275,9.718012085666668,312.2219204333333,0.0
2020-05-24 16:00:00,996.3418496833334,9.480831635333333,79.47164535499999,0.0
2020-05-24 17:00:00,981.39953275,9.698976268833333,21.43962673733333,0.0
2020-05-26 15:00:00,1162.21785755,10.070692275333334,210.84925165,0.0
2020-05-30 12:00:00,1054.5397149,9.678864103333332,217.01256911666664,0.0
2020-05-30 13:00:00,1045.0682231833334,9.614362522166664,216.19312741666667,0.0
2020-05-30 14:00:00,1082.6817086,9.814753779666669,214.39505066666663,0.0
2020-05-06 13:00:00,918.7370012166666,9.225614269,216.58640256666664,0.0
2020-05-06 15:00:00,849.4042684666666,8.965100714,217.40480965000003,0.0
2020-05-06 17:00:00,848.3442120166668,8.9482284705,216.6137932833333,0.0
2020-05-06 18:00:00,904.9790521,9.177037136,210.94077191666668,0.0
2020-06-06 13:00:00,1265.911423666667,10.474095915,217.0959977,0.0
2020-06-06 14:00:00,997.4755380666668,9.520012900333334,216.8310252333333,0.0
2020-06-06 15:00:00,978.8939875333334,9.357368136666668,214.2642297833333,0.0
2020-09-06 16:00:00,955.78396205,9.136948826666666,212.03618755,0.0
2020-06-23 16:00:00,846.0970548833334,9.0327348115,210.27660796666663,0.0
2020-06-30 12:00:00,851.3892502166667,9.061310872,228.9274584,0.0
2020-06-30 13:00:00,876.3298465166666,8.964304453666665,217.65372283333332,0.0
2020-06-30 14:00:00,998.46188725,9.482125335833333,217.4242485,0.0
2020-06-30 17:00:00,851.2649542,8.967649722333332,214.2774380833333,0.0
2020-01-07 13:00:00,997.3479225833332,9.600713136166666,207.60589403333336,0.0
2020-02-07 13:00:00,1145.3215386166669,10.140101147,225.7525386333333,0.0
2020-02-07 14:00:00,1282.810362,10.475757863333332,215.93803183333333,0.0
2020-02-07 15:00:00,1068.8976737333337,9.720327270333332,214.96791855,0.0
2020-08-07 13:00:00,952.5348065166668,9.474347424,230.8306440166667,0.0
2020-08-07 14:00:00,1133.6790773333332,10.131842200166666,229.69017426666667,0.0
2020-08-07 16:00:00,851.47149265,8.995257879833334,222.57107871666665,0.0
2020-08-07 17:00:00,922.1881471,9.261722082833334,212.40039116666665,0.0
2020-09-07 10:00:00,1140.85238635,10.052193212,207.6663591666667,0.0
2020-09-07 12:00:00,885.9913619,9.046840936,218.2574259,0.0
2020-09-07 13:00:00,933.1306258666668,9.163413600333334,216.94315931666665,0.0
2020-09-07 14:00:00,1019.6976052333332,9.4777562215,215.37626878333333,0.0
2020-09-07 15:00:00,918.6303850333334,9.171958328666667,214.6336337333333,0.0
2020-09-07 16:00:00,1114.09522175,9.855264664666668,212.96915848333333,0.0
2020-09-07 17:00:00,1224.522082533333,10.382625188833334,208.2120574,0.0
2020-07-15 14:00:00,1188.357207883333,10.2613146005,214.6424039833333,0.0
2020-07-15 16:00:00,1321.4813713666665,10.550005523833333,211.49460275,0.0
2020-07-15 17:00:00,856.5429761166665,8.948813237833335,206.15813345,0.0
2020-07-16 07:00:00,831.3280762166665,8.954613399666666,160.37500155,0.0
2020-03-08 23:00:00,898.9338468166667,8.890429889666665,181.69107656666665,0.0
2020-04-08 00:00:00,938.8637378833332,9.2579041255,184.08775918333333,0.0
2020-04-08 02:00:00,1143.0817039833337,10.056048858666664,186.16805316666668,0.0
2020-04-08 03:00:00,1376.314446,10.75151774,180.23766241666667,0.0
2020-04-08 04:00:00,1043.403531983333,9.625437818833335,180.88535595000005,0.0
2020-04-08 05:00:00,1081.0331561,9.863502151666664,183.30024536666664,0.0
2020-04-08 06:00:00,1298.6839563,10.5614242445,183.4972112,0.0
2020-04-08 08:00:00,1244.6241857666666,10.393235823833336,183.4422104,0.0
2020-04-08 12:00:00,1053.5304375166668,9.611991622,190.84186035,0.0
2020-06-08 15:00:00,894.7601302000002,9.324924214333333,339.6439033333333,0.0
2020-11-08 11:00:00,1241.8087568833332,10.401434359166666,177.28726458333335,0.0
2020-08-22 13:00:00,1108.1924258166666,9.999637200333334,339.5671333166667,0.0
2020-08-22 18:00:00,1441.3877831666666,11.059353775,263.9244057833333,0.0
2020-08-22 19:00:00,1083.7220017,9.964519056833334,140.02466199999998,0.0
2020-08-22 20:00:00,953.7770206333334,9.380183115666666,154.03490697983332,0.0
2020-08-25 17:00:00,1203.2946167833334,10.209368164166667,211.9569267,0.0
2020-08-25 18:00:00,1289.464705,10.459410037166666,206.6362634,0.0
2020-08-25 19:00:00,875.7632098833334,8.961227829333334,203.09314835,0.0
2020-08-26 13:00:00,1159.4238042666668,10.046048549833332,176.5955562166667,0.0
2020-08-26 14:00:00,860.32562815,8.8733842595,173.04247853333334,0.0
2020-08-26 15:00:00,956.0163048666668,9.279438613333332,166.97747074999998,0.0
2020-08-27 01:00:00,1066.7967460666666,9.699826048666669,182.65122635,0.0
2020-08-27 02:00:00,976.9742257499998,9.3682890665,180.64695936666664,0.0
2020-08-27 12:00:00,1057.6127578166668,9.885479189500002,185.3558374,0.0
2020-08-27 16:00:00,917.2005357833332,9.377657649166666,192.83630495,0.0
2020-08-27 20:00:00,944.7196857666668,9.795064974,153.3719459,0.0
2020-08-28 01:00:00,1231.6653758833334,10.3217411325,180.9323551,0.0
2020-08-28 02:00:00,1235.1919879999998,10.2768581825,181.26602546666663,0.0
2020-08-28 03:00:00,1202.7156496666666,10.186434842333334,178.03788799999998,0.0
2020-08-28 06:00:00,1006.5438739666666,9.678241691166669,181.60702018333336,0.0
2020-08-28 13:00:00,935.1026722666668,9.047309285666666,213.13017841666667,0.0
2020-08-28 14:00:00,983.3392294,9.385954990166669,201.14371671666663,0.0
2020-08-28 15:00:00,1077.9284798666667,9.726665818833332,206.7347685833333,0.0
2020-08-28 16:00:00,828.73668605,8.938382791166667,207.62458195,0.0
2020-08-30 14:00:00,1040.8351351833337,9.686353168833334,99.984465825,0.0
2020-08-30 15:00:00,1254.1994458333334,10.472785851666666,16.679121245166666,0.0
2020-08-30 16:00:00,1011.6236776666666,9.7010120545,20.52425088533333,0.0
2020-08-30 17:00:00,848.7536933666669,8.948647831,118.99986194833332,0.0
2020-08-31 11:00:00,967.6373711666666,9.158257467666669,245.22983143333337,0.0
2020-01-09 01:00:00,904.3860783333332,9.009673512333334,25.267224611666663,0.0
2020-01-09 02:00:00,1123.25333885,9.890564554,16.544292161666668,0.0
2020-01-09 03:00:00,1029.2539685833333,9.6251089255,12.4732207465,0.0
2020-01-09 06:00:00,1091.9944868333332,9.803197611,249.02694501666667,0.0
2020-01-09 07:00:00,962.5331228833334,9.465486640666668,77.17472793833333,0.0
2020-02-09 17:00:00,911.1625263166666,9.237889107,211.3972774166667,0.0
2020-04-09 11:00:00,1006.8377656,9.522542376833334,237.8183781333333,0.0
2020-04-09 12:00:00,1160.669908,10.259294465,164.80930527166666,0.0
2020-04-09 13:00:00,1309.8591816666667,10.701539520000004,60.53072502666668,0.0
2020-04-09 20:00:00,925.4866324166668,9.309590404,15.587062201666669,0.0
2020-05-09 10:00:00,920.75947535,9.218063093166666,10.374334954833332,0.0
2020-06-09 07:00:00,1334.3896945666663,10.740879703666664,19.231094652666663,0.0
2020-06-09 10:00:00,1362.6548546666666,10.544106606666666,187.7263755083333,0.0
2020-06-09 11:00:00,1425.4731143333331,10.779406278333331,343.9844317,0.0
2020-06-09 12:00:00,1415.6181408333334,10.875251308333333,341.64152885,0.0
2020-06-09 13:00:00,1126.8557478166667,10.0005729255,323.78270603333334,0.0
2020-06-09 17:00:00,945.3083331833332,9.1992794045,91.24864130000002,0.0
2020-09-13 12:00:00,978.2910855833334,9.559441222833334,163.53612339,0.0
2020-09-13 13:00:00,1241.3830935,10.354613193333334,73.03876915166666,0.0
2020-09-13 20:00:00,1388.475002833333,10.790768385,13.875000002333332,0.0
2020-09-13 21:00:00,936.8393693166668,9.173844243833337,22.71242177,0.0
2020-09-19 15:00:00,897.76143575,9.019536602166667,247.6248727333333,0.0
2020-09-19 16:00:00,1224.3254443333333,10.397017082666666,122.37651599166666,0.0
2020-09-19 17:00:00,1234.5247456666668,10.460586690499998,13.376124180166665,0.0
2020-09-19 18:00:00,873.7819982333334,9.1388785415,16.382844713333334,0.0
2020-09-21 03:00:00,1369.3909199999998,10.782538198333333,24.37969010666667,0.0
2020-09-21 04:00:00,1174.3723156,10.086952954,27.349032551666667,0.0
2020-09-21 05:00:00,1170.61817175,10.104370502166669,19.24656236,0.0
2020-09-21 06:00:00,1177.6215933333333,10.176039739,24.26695756,0.0
2020-09-22 04:00:00,1328.8858658333334,10.551244128333332,21.241040696666666,0.0
2020-09-22 05:00:00,1257.7076788333334,10.447585635,20.685996173333333,0.0
2020-09-22 06:00:00,1071.6909934833334,9.736118972833331,22.726496121666667,0.0
2020-09-22 07:00:00,1117.733853,9.919987198,23.477825445,0.0
2020-09-22 08:00:00,1427.4579123333333,10.852075184166669,14.708634000000002,0.0
2020-09-22 20:00:00,1171.2074906833332,10.015463527833331,16.60252675,0.0
2020-09-22 21:00:00,1000.6179890333332,9.544982964999996,19.42050032,0.0
2020-09-22 22:00:00,1193.2843235833334,10.1291515315,19.76301946,0.0
2020-09-22 23:00:00,1300.3251651666667,10.494359708666666,20.986393823333334,0.0
2020-09-23 00:00:00,1171.0819535,10.050380116333333,22.65296387333333,0.0
2020-09-23 01:00:00,844.7377264166666,8.887682761,25.89536273333333,0.0
2020-09-23 12:00:00,851.8679577833333,8.911896461500001,140.10684105166666,0.0
2020-09-23 15:00:00,835.1936707333334,8.913234962499999,226.6254109983333,0.0
2020-09-23 16:00:00,1030.0493678,9.6054228755,120.10180649333334,0.0
2020-09-23 17:00:00,1248.8295391666668,10.472594781833331,39.78577710033334,0.0
2020-09-23 18:00:00,1203.5280386666668,10.33010367,14.248666729999998,0.0
2020-09-23 19:00:00,1128.9911369166666,10.014763461666666,15.336195545,0.0
2020-09-24 10:00:00,898.5231259999999,9.079507396,140.44943334333334,0.0
2020-09-25 01:00:00,1327.0156093333333,10.6202129645,24.07998606833333,0.0
2020-09-25 21:00:00,1145.5666802833334,10.018021395666668,24.317574346666664,0.0
2020-09-25 22:00:00,1312.0980965,10.530518539166666,23.477678186666665,0.0
2020-09-26 03:00:00,844.4491688666666,8.873519035166666,21.995127820000004,0.0
2020-09-26 19:00:00,1438.3395826666665,10.917039013333332,19.85842674166667,0.0
2020-09-26 20:00:00,1395.3106408333333,10.819770864666664,19.893795290000003,0.0
2020-09-27 02:00:00,1084.5450595333334,9.593957087,24.08069538,0.0
2020-09-27 03:00:00,1082.2860305666666,9.640769912,25.301365711666666,0.0
2020-09-27 05:00:00,1052.0814281166663,9.552164679166667,23.749542881666667,0.0
2020-09-27 06:00:00,1055.1644586,9.471376445333332,23.59441430833333,0.0
2020-09-27 10:00:00,1007.6794475,9.4088212535,13.015965020833336,0.0
2020-09-27 11:00:00,1215.1727862333337,10.118158596333332,16.42620929,0.0
2020-09-27 13:00:00,1218.9820112333334,10.010795658833333,12.282553794666669,0.0
2020-09-27 14:00:00,830.5652562,8.527009901833333,16.719965695000003,0.0
2020-09-27 20:00:00,1414.7581061666665,10.787931085,18.13491746833333,0.0
2020-09-27 22:00:00,1135.73972665,9.813187903,21.43579446833333,0.0
2020-09-27 23:00:00,832.8499765333332,8.793627416833333,21.65476938,0.0
2020-09-28 14:00:00,1015.25058155,9.533847413666669,12.906145616666668,0.0
2020-09-29 03:00:00,837.14537745,8.859924000166666,19.22240756833333,0.0
2020-09-29 05:00:00,929.2311525333332,9.132875157333332,16.95639502,0.0
2020-09-29 07:00:00,1121.794675,9.850548125,19.82882334,0.0
2020-09-29 08:00:00,879.1942056166667,9.061418877,20.071610810000003,0.0
2020-09-29 15:00:00,1419.196687,10.99289253,48.72350943833332,0.0
2020-09-29 16:00:00,1241.0659843333333,10.330985630166667,35.423810986666666,0.0
2020-09-29 17:00:00,1162.3600401666663,10.020557058666666,18.12077109783333,0.0
2020-09-29 18:00:00,950.1430952166668,9.200927507,16.216818623333335,0.0
2020-09-29 19:00:00,847.8902105166667,8.9986530435,18.761435705,0.0
2020-09-29 20:00:00,852.9219733333333,8.979484804666667,21.88521481,0.0
2020-10-31 21:00:00,1036.5415022166665,9.5930290145,14.703416376666668,0.0
2020-01-11 13:00:00,976.551193,9.231004158833334,12.336556316166666,0.0
2020-01-11 14:00:00,1304.9615568333336,10.637349651333333,11.2740655995,0.0
2020-01-11 15:00:00,1225.3930996666668,10.188187895166667,56.701023041666666,0.0
2020-01-11 16:00:00,1172.244537133333,10.190089192333334,57.16368911916667,0.0
2020-02-11 10:00:00,1297.0182541833333,10.282129839666666,10.750222175666666,0.0
2020-04-11 23:00:00,1278.2896306666664,10.291186797333332,20.17499473333333,0.0
2020-05-11 00:00:00,1043.898616766667,9.468704950666668,22.522450206666665,0.0
2020-05-11 06:00:00,886.9029024000001,8.911469856666667,21.901743575,0.0
2020-05-11 07:00:00,827.7242049500001,8.557036960666668,19.925798346666667,0.0
2020-05-11 08:00:00,888.1477717499998,8.868152404833332,17.924835766666664,0.0
2020-05-11 09:00:00,1176.244511333333,9.9656690475,10.344677165666669,0.0
2020-05-11 21:00:00,1050.5159569333334,9.997874271666667,18.19434874333333,0.0
2020-05-11 22:00:00,968.7235126666666,9.556978507333332,17.917143154999998,0.0
2020-05-11 23:00:00,844.7916803000002,9.004049743833333,18.592846538333333,0.0
2020-06-11 20:00:00,1078.5141033833331,9.7294315205,13.110190398166663,0.0
2020-07-11 14:00:00,927.3423759166668,9.055104495666669,66.87267167750001,0.0
2020-12-11 00:00:00,1198.25272015,10.174107287833332,24.364272168333333,0.0
2020-12-11 01:00:00,875.1915591833332,9.0363514855,25.585839688333333,0.0
2020-12-11 02:00:00,1070.4660539833333,9.5522558165,22.85870871166667,0.0
2020-11-13 23:00:00,1305.7199736833334,10.244890978833334,16.213714311666667,0.0
2020-11-14 06:00:00,1394.5266223333335,10.645511584166666,23.60036914,0.0
2020-11-14 07:00:00,906.5986866166668,8.912675084666667,24.440897638333336,0.0
2020-11-14 08:00:00,1090.2441842833332,9.501834536,18.396844741666666,0.0
2020-11-14 10:00:00,1144.0608646333333,9.664074726166666,17.466965023333334,0.0
2020-11-15 00:00:00,1312.3503648333333,10.321921249666667,15.1911981,0.0
2020-11-15 03:00:00,1155.1777913,9.781963429333334,20.005198590000003,0.0
2020-11-15 04:00:00,1151.604338566667,9.868511906666669,18.50281074833333,0.0
2020-11-15 10:00:00,1047.3663783333334,9.464061851666669,23.03697218783333,0.0
2020-11-15 11:00:00,1448.8260761666663,10.842297788333331,85.84120675666667,0.0
2020-11-15 13:00:00,1022.53844585,9.163410717833337,53.67599623616667,0.0
2020-11-15 14:00:00,1198.2720853333335,9.991346190833331,145.27079059833332,0.0
2020-11-15 15:00:00,1217.1692563333334,10.047536830833332,15.5177089115,0.0
2020-11-15 17:00:00,1404.517556,10.554234636666669,11.235892453333332,0.0
2020-11-15 18:00:00,1377.3747876666666,10.554509413333331,12.284820156666669,0.0
2020-11-15 19:00:00,1130.1465430166666,9.8533481165,13.496522578333334,0.0
2020-11-15 20:00:00,1077.6799779166668,9.564217450166666,11.473780592833334,0.0
2020-11-15 21:00:00,868.3682201833332,8.804911882333334,13.576388356166667,0.0
2020-11-15 23:00:00,952.7399248666666,9.053240388833334,13.322623295666666,0.0
2020-11-16 00:00:00,851.1977537166666,8.973288758166666,11.246642363333336,0.0
2020-11-16 09:00:00,890.8235355166667,8.578948860833334,14.975572288333332,0.0
2020-11-16 10:00:00,1102.2810026,9.570694897333333,9.18803043,0.0
2020-11-16 11:00:00,877.1057808166667,8.846464953333333,200.44336862500003,0.0
2020-11-16 14:00:00,1156.1221309166665,9.771926444666668,142.69159152666666,0.0
2020-11-16 15:00:00,1193.7187683,10.026574610333332,204.9903046833333,0.0
2020-11-16 16:00:00,1107.1071723333332,9.694310914,141.117130025,0.0
2020-11-20 14:00:00,998.8702448833332,9.769192295666668,114.21254354316666,0.0
2020-11-20 15:00:00,1152.6532765,10.100986341666667,8.712758239833333,0.0
2020-11-20 16:00:00,1099.3472453333331,10.041958791833332,10.548080864666668,0.0
2020-11-20 17:00:00,1305.451108,10.435864939833332,11.1077012025,0.0
2020-11-20 18:00:00,1406.095542,10.399459436166666,11.412412260000002,0.0
2020-11-20 23:00:00,1367.292275666667,10.549589932333332,15.601199536666668,0.0
2020-11-21 00:00:00,962.6124219,9.137120704166666,18.46886744333333,0.0
2020-11-21 10:00:00,1166.668632483333,10.100812879166668,19.86405046016667,0.0
2020-11-21 11:00:00,1402.3457961666666,10.697368211666667,22.5017667045,0.0
2020-11-21 12:00:00,1243.652933,10.275721883833333,74.60527611166667,0.0
2020-11-21 14:00:00,1353.1861325,10.7007503,45.961986545,0.0
2020-11-21 19:00:00,908.31916395,9.055495257833334,11.916484147333334,0.0
2020-11-22 05:00:00,961.4735656499998,9.131233169,35.443062145333336,0.0
2020-11-22 11:00:00,838.9383999666667,8.723163408666666,291.11790995,0.0
2020-11-22 12:00:00,1270.741438,10.198528328,258.5557076999999,0.0
2020-11-23 19:00:00,1304.5759651666667,10.487371998333334,14.764581681666664,0.0
2020-11-23 21:00:00,1383.872636,10.5484887,19.082155425,0.0
2020-11-23 22:00:00,851.51566525,8.739673129666668,20.684946548333333,0.0
2020-11-24 00:00:00,856.4292765333333,8.739536894666669,25.721696031666667,0.0
2020-11-24 06:00:00,1014.6738185,9.432385588333334,24.32769968,0.0
2020-11-24 08:00:00,1380.0552811666666,10.645424067000002,23.391085553333337,0.0
2020-11-24 20:00:00,1171.8604096666666,9.9876985445,17.57510538,0.0
2020-11-25 12:00:00,1033.4854531666667,9.504483691333334,189.4624860833333,0.0
2020-11-25 18:00:00,1270.0300788333334,10.03901595,88.36643867833334,0.0
2020-11-27 06:00:00,1430.8495262833333,10.720939007333332,21.73281701666667,0.0
2020-11-30 01:00:00,1411.5436405,10.480656331833332,20.791264155,0.0
2020-01-12 09:00:00,1256.4117941666666,9.861266771833334,10.4666666985,0.0
2020-01-12 20:00:00,1401.773986666667,10.066666444833333,7.6833333175,0.0
2020-01-12 21:00:00,1014.0999858,8.6833331585,5.6000001033333335,0.0
2020-01-12 22:00:00,1107.1333618666667,9.1000000635,4.8333334128333325,0.0
2020-01-12 23:00:00,1043.2999979,8.8500000635,8.233333269833333,0.0
2020-02-12 00:00:00,1329.9833375,9.633333365,7.0499999125,0.0
2020-02-12 01:00:00,1357.6269938333332,10.066666603166668,9.583333333333334,0.0
2020-09-12 06:00:00,1226.4443563333334,9.016666889166668,7.300000047333333,0.0
2020-09-12 13:00:00,892.9166565666668,8.483333269666666,4.916666696499999,0.0
2020-09-12 15:00:00,1112.783315033333,9.099999904666666,3.7000000276666665,0.0
2020-09-12 18:00:00,849.9166767333332,8.083333333333334,4.7333332995,0.0
2020-09-12 19:00:00,1028.9499919333334,8.983333428333333,11.0499999525,0.0
2020-10-12 02:00:00,1197.3333292033333,9.616666476166667,0.7999999844999999,0.0
2020-10-12 23:00:00,1405.5999958333334,10.049999873,9.066666682333333,0.0
2020-11-12 00:00:00,957.9500120666668,8.716666936500001,11.783333222333331,0.0
2020-11-12 13:00:00,1315.4166665,9.599999904833334,5.266666650833334,0.0
2020-11-12 17:00:00,1429.6166381666665,10.166666666666666,7.316666682499999,0.0
2020-12-12 02:00:00,1328.099996,9.883333364833334,8.8166666825,0.0
2020-12-12 03:00:00,1411.25,10.250000158166666,9.449999889,0.0
2020-12-12 09:00:00,1202.9833578333337,9.583333492166668,11.049999620833333,0.0
2020-12-12 19:00:00,1109.7499898,9.283333301833332,8.266666730166667,0.0
2020-12-12 22:00:00,1345.483317166667,10.166666508166664,8.3500000635,0.0
2020-12-12 23:00:00,1126.2666625666668,9.250000000166668,13.13108174,0.0
2020-12-13 02:00:00,874.10922235,8.3500000635,10.699999968333335,0.0
2020-12-13 12:00:00,1375.416697033333,9.799999873,0.0833333345,0.0
2020-12-13 18:00:00,1247.7333274666664,9.716666698333333,8.333333293666666,0.0
2020-12-13 19:00:00,1258.0,9.949999968,9.433333397166663,0.0
2020-12-17 19:00:00,1029.0333456,8.799999952333334,5.3833333255,0.0
2020-12-18 07:00:00,1176.850002196,9.416666666833336,0.0666666673333333,0.0
2020-12-21 13:00:00,1264.3833516,9.8333333335,8.383333444333333,0.0
2020-12-21 14:00:00,1193.4999898666665,9.483333269666668,4.316666647833333,0.0
2020-12-21 16:00:00,1219.400004,9.849999904333332,8.4833333815,0.0
2020-12-21 17:00:00,1385.7303058333334,10.333333174833331,8.316666841333335,0.0
2020-12-21 19:00:00,1242.3333434333333,9.716666698166668,8.6499999365,0.0
2020-12-22 12:00:00,1424.7666421666663,10.433333238,0.1333333365,0.0
2020-12-22 21:00:00,1270.1500142999998,9.916666825166669,8.1666666665,0.0
2020-12-22 22:00:00,1057.8166706,9.216666539666669,3.8999999763333335,0.0
2020-12-22 23:00:00,1338.1845294999998,9.8500000635,6.433333277666667,0.0
2020-12-23 00:00:00,996.4166564,8.883333365166667,6.299999937666667,0.0
2020-12-23 08:00:00,1421.2833148666668,10.027026574333332,1.3166666726666667,0.0
2020-12-23 11:00:00,1444.6833295,10.233333428666668,0.4666666686666667,0.0
2020-12-23 12:00:00,964.6499938,8.666666746,0.1666666715,0.0
2020-12-23 13:00:00,939.4666747666666,8.433333397,0.2666666754999999,0.0
2020-12-23 14:00:00,1093.7095641166668,8.9166666665,0.916666653,0.0
2020-12-23 15:00:00,1088.4166665000002,9.133333365,0.0166666668333333,0.0
2020-12-23 16:00:00,828.0833333333334,7.966666618999999,0.3153855513333333,0.0
2020-12-23 19:00:00,841.2833354333334,8.2500000795,3.8833334705,0.0
2020-12-23 20:00:00,1024.0000100999998,8.916666666666666,1.1666666541666666,0.0
2020-12-23 21:00:00,952.6253358333332,8.599999984166667,3.5817867815,0.0
2020-12-23 22:00:00,948.8666789666668,8.433333158666667,3.9499999681666655,0.0
2020-12-23 23:00:00,1191.4500020000005,9.3500000635,0.8000000205000001,0.0
2020-12-24 00:00:00,1379.633361833333,9.849999746166668,0.1500000006666666,0.0
2020-12-24 01:00:00,1034.8833109333334,8.499999999833333,0.0833333345,0.0
2020-12-24 02:00:00,937.2666726666666,8.466666539333334,1.2333333441666667,0.0
2020-12-24 03:00:00,862.9500121666666,8.2000000475,6.366666674833333,0.0
2020-12-24 04:00:00,954.8333232,8.700000127,3.433333425166667,0.0
2020-12-24 05:00:00,1430.5500081666669,10.066666761666667,0.1166666696666666,0.0
2020-12-24 06:00:00,1367.4333091666665,9.750000000333335,4.766666746166667,0.0
2020-12-24 07:00:00,1064.0666603666668,9.133333364833332,10.483333507833336,0.0
2020-12-24 08:00:00,1309.262675,9.783333301333334,8.033333380833334,0.0
2020-12-25 20:00:00,1415.466675,10.266666888666668,4.433333456499999,0.0
2020-12-26 12:00:00,859.8540954666668,8.233333269833333,0.3333333345,0.0
2020-12-26 13:00:00,1126.0666808,9.1666668255,0.0666666673333333,0.0
2020-12-26 14:00:00,856.1833293000001,8.383333365166667,0.1666666676666666,0.0
2020-12-26 15:00:00,968.9333293666664,8.816666603,2.683333262833333,0.0
2020-12-26 17:00:00,1007.9166767666668,8.716666539666667,2.000000016,0.0
2020-12-26 21:00:00,977.5333151666669,8.9241015115,2.483333301833333,0.0
2020-12-26 22:00:00,992.8323771166666,8.8500000635,2.8499999645,0.0
2020-12-26 23:00:00,895.7333374,8.216666698333334,4.586720585666667,0.0
2020-12-27 00:00:00,872.7999979666666,8.433333555666666,2.1000000338333336,0.0
2020-12-27 16:00:00,888.5833333333334,8.216666857333335,6.100000024,0.0
2020-12-28 01:00:00,1058.8666686666666,8.633333206333335,1.1166666696666667,0.0
2020-12-28 02:00:00,1366.1666871666666,9.883333365333334,0.75000001,0.0
2020-12-28 03:00:00,1271.6833293333332,9.550000190333334,3.799999992,0.0
2020-12-28 05:00:00,1022.3931883833334,9.007572651,5.883333325333333,0.0
2020-12-28 06:00:00,1181.0999857,9.300000031666666,1.6000000063333333,0.0
2020-12-28 23:00:00,830.4833374,8.000000079333335,1.183333326,0.0
2020-12-29 04:00:00,938.1333313666668,8.483333349166665,0.0500000005,0.0
2020-12-29 05:00:00,845.0500081333333,8.3666665555,1.0999999705,0.0
2020-12-29 11:00:00,829.6833394333333,8.249999999833333,0.316666665,0.0
2020-12-29 12:00:00,958.400004,8.583333333166665,0.366666672,0.0
2020-12-29 13:00:00,983.7166748333332,8.716666539666667,0.0833333343333333,0.0
2020-12-29 14:00:00,1023.5000001,9.083333333333334,1.4666666611666666,0.0
2020-12-29 15:00:00,1058.3166603666668,9.016666730166667,3.0166666905,0.0
2020-12-29 16:00:00,933.9999898333334,8.416666666833335,2.4666666388333334,0.0
2020-12-29 22:00:00,1048.0023191333332,8.566666921000001,4.833333294,0.0
2020-12-29 23:00:00,1318.5500082,9.713708401333331,3.250000044333334,0.0
